filename,head_x,head_y,tail_x,tail_y
img_00020.jpg,719.9,656.5,817,498.7
img_00020.jpg,748.9,507,794.9,397.4
img_00020.jpg,639.8,719.6,694.3,550.2
img_00020.jpg,656.9,423.9,726.7,352.5
img_00020.jpg,627.9,477.1,762.5,400.7
img_00029.jpg,627.9,493.7,730.1,377.4
img_00029.jpg,716.5,458.8,759.1,355.8
img_00032.jpg,538.7,552.2,607,533.6
img_00037.jpg,312.7,291.1,355.3,410.5
img_00038.jpg,813.6,372.5,782.9,274.5
img_00039.jpg,420,183.8,641.5,163
img_00041.jpg,815.3,213,1035.1,307.7
img_00041.jpg,585.3,130,851.1,159.9
img_00041.jpg,167.9,239.6,380.8,279.4
img_00043.jpg,580.2,503.7,588.7,389.1
img_00045.jpg,774.4,450.5,810.2,521.9
img_00055.jpg,210.5,407,334.8,427.8
img_00057.jpg,483.1,535.2,522.3,654.3
img_00074.jpg,430.2,155.9,571.7,213.5
img_00085.jpg,570,218,854.5,224.6
img_00090.jpg,409.8,125,675.6,131.6
img_00090.jpg,343.4,337.6,566.6,204.7
img_00090.jpg,856.2,374.1,1081.1,465.5
img_00090.jpg,709.7,121.7,963.5,163.2
img_00097.jpg,478,510.3,527.4,394.1
img_00097.jpg,404.7,628.2,375.7,722.9
img_00110.jpg,475.3,131.8,495.9,247.7
img_00121.jpg,546.1,389.1,479.7,500.4
img_00130.jpg,810.2,140.5,938,99
img_00134.jpg,379.1,409,513.7,360.8
img_00136.jpg,183.2,647.5,696,737.4
img_00154.jpg,311,493.7,411.5,435.6
img_00156.jpg,389.4,277.2,604,315.3
img_00163.jpg,443.9,404,552.9,427.3
img_00177.jpg,852.8,404,864.7,335.9
img_00186.jpg,936.3,317.6,1115.2,232.9
img_00187.jpg,225.8,394.9,363.8,446.8
img_00188.jpg,930.6,212.2,989.3,244.6
img_00191.jpg,530.8,407.3,604,493.7
img_00191.jpg,138.9,475.4,159.3,654.8
img_00193.jpg,191.7,349.9,319.5,393.1
img_00197.jpg,673.9,473.8,767.6,369.1
img_00201.jpg,630.8,349.7,716.4,351.3
img_00206.jpg,343.6,185.9,253.2,97.8
img_00208.jpg,215.6,282.8,443.9,251.2
img_00208.jpg,104.8,178.1,230.9,194.7
img_00208.jpg,592.1,113.4,796.6,249.5
img_00208.jpg,690.9,111.7,955,171.5
img_00208.jpg,822.1,224.6,1057.3,354.2
img_00209.jpg,670.5,483.7,702.9,382.4
img_00211.jpg,447.3,432.3,561.4,433.9
img_00215.jpg,569.9,325,546.1,219
img_00219.jpg,486.5,535.2,568.3,658.8
img_00227.jpg,575.1,223,852.8,228
img_00228.jpg,861.3,365.8,849.4,309.3
img_00233.jpg,702.9,581.7,679,448.9
img_00233.jpg,844.3,465.5,851.1,367.5
img_00236.jpg,901.1,586.7,858.6,505.6
img_00236.jpg,739.7,325,826.4,330
img_00237.jpg,687.9,346.6,787.8,348.2
img_00237.jpg,637.1,66.9,659.3,111.7
img_00239.jpg,898.8,316,1118.6,228
img_00248.jpg,179.8,661,697.7,741.9
img_00264.jpg,690.9,242.9,955,266.2
img_00269.jpg,155.9,453.8,241.1,400.7
img_00270.jpg,542.7,420.6,430.2,465.5
img_00270.jpg,142.3,512,144,634.9
img_00274.jpg,854.5,367.5,847.7,292.7
img_00275.jpg,447.3,438.9,563.1,427.3
img_00277.jpg,684.1,311,992.5,352.5
img_00277.jpg,653.4,173.1,936.3,151.6
img_00277.jpg,251.3,306,464.3,130
img_00278.jpg,551.2,654.8,648.3,492
img_00281.jpg,496.7,312.7,832.4,282.8
img_00281.jpg,552.9,139.9,815.3,231.3
img_00281.jpg,673.9,118.3,953.3,174.8
img_00281.jpg,864.7,374.1,1105,350.9
img_00288.jpg,387.7,465.5,532.5,428.9
img_00290.jpg,554.6,221.3,863,271.1
img_00291.jpg,719.3,162.7,693.9,290.3
img_00294.jpg,639.5,277,602.2,407.9
img_00295.jpg,302.5,291.1,246.2,393.1
img_00296.jpg,258.2,453.8,358.7,453.8
img_00299.jpg,781.2,428.9,1026.6,415.6
img_00300.jpg,593.7,407.9,631,300.2
img_00301.jpg,399.6,301.4,612.6,277.2
img_00317.jpg,345.2,182.8,257.9,100.9
img_00319.jpg,884.1,596.7,872.2,492.3
img_00319.jpg,736.3,325,829.8,331.7
img_00327.jpg,793.2,145.7,944.8,97.3
img_00337.jpg,592.1,251.2,874.9,256.2
img_00337.jpg,690.9,106.7,943.1,198.1
img_00337.jpg,433.7,296.1,651.7,143.2
img_00337.jpg,149.1,477.1,312.7,354.2
img_00337.jpg,69,367.5,188.3,262.8
img_00338.jpg,503.5,414,598.9,480.4
img_00341.jpg,447.3,166.6,581.9,236.9
img_00342.jpg,222.4,211.3,454.1,249.5
img_00342.jpg,571.7,113.4,830.6,163.2
img_00342.jpg,690.9,316,978.9,289.4
img_00342.jpg,98,179.8,225.8,181.5
img_00344.jpg,208.8,447.2,309.3,450.5
img_00351.jpg,285.4,465.5,411.5,452.2
img_00353.jpg,341.7,285.9,353.6,410.5
img_00356.jpg,205.3,360.8,430.2,390.7
img_00356.jpg,322.9,141.6,547.8,128.3
img_00361.jpg,348.5,382.3,350.2,220.5
img_00366.jpg,629.6,840.8,328,852.1
img_00369.jpg,355.3,437.2,472.8,425.6
img_00381.jpg,556.3,684.7,655.2,470.5
img_00381.jpg,655.2,721.3,728.4,561.8
img_00381.jpg,842.6,541.9,784.6,417.3
img_00384.jpg,754,427.3,805.1,540.2
img_00385.jpg,609.1,497,593.8,394.1
img_00396.jpg,292.2,149.9,535.9,108.4
img_00401.jpg,897.1,380.8,903.9,312.7
img_00403.jpg,738,321.7,826.4,328.4
img_00403.jpg,889.2,583.4,858.6,508.9
img_00415.jpg,329.7,455.5,452.4,447.2
img_00421.jpg,653.4,204.9,445.6,119.6
img_00020.jpg,636.410832592583,716.272140293076,701.155948679292,528.586558253209
img_00020.jpg,714.786499434389,676.409715789034,823.830905475163,487.063199394832
img_00020.jpg,742.047600944583,513.638149064193,776.123977832324,389.068072489061
img_00020.jpg,615.965006459937,477.097593268821,755.678151699679,395.711809906401
img_00020.jpg,656.856658725228,423.947693930098,728.417050189486,350.866582339353
img_00020.jpg,803.385079342518,460.48824972547,837.46145623026,347.544713630683
img_00029.jpg,619.372644148712,503.672542938183,718.194137123163,370.797794591375
img_00029.jpg,714.786499434389,470.453855851481,769.308702454776,349.205647985018
img_00032.jpg,527.642004399921,553.71489679194,616.491028360236,530.533427743605
img_00037.jpg,312.685252159034,282.413293831878,353.576904424324,420.832190232099
img_00038.jpg,806.792717031292,395.711809906401,782.939253209873,256.193324142252
img_00039.jpg,396.172375534002,182.059593941717,648.337564503292,161.296759481683
img_00041.jpg,571.665716505873,131.62324756712,864.722557740454,163.181000299487
img_00041.jpg,779.531615521099,208.026227866534,1048.73499293426,315.986960898316
img_00041.jpg,145.711005409099,244.566783661907,401.283832067163,284.429208165949
img_00043.jpg,573.36953535026,508.655346001188,592.111542638518,374.119663300045
img_00045.jpg,769.308702454776,443.878906182119,805.088898186905,580.075523237598
img_00055.jpg,196.825570740711,400.069355772066,360.392179801873,432.943843667119
img_00057.jpg,476.251861220195,514.921820442303,518.847332329873,663.269361981512
img_00085.jpg,544.404614995679,216.33089963821,881.760746184324,231.279308827226
img_00090.jpg,326.315802914131,357.510319756694,592.111542638518,198.060621740524
img_00090.jpg,380.838005934518,121.657641441109,704.563586368066,131.62324756712
img_00090.jpg,673.894847169099,110.031100960763,987.397514536325,163.181000299487
img_00090.jpg,823.830905475163,364.154057174034,1099.84955826587,475.436658914486
img_00097.jpg,476.251861220195,515.299083418529,530.774064240583,387.407138134726
img_00097.jpg,155.933918475421,487.063199394832,142.303367720324,663.122240954353
img_00110.jpg,468.938184997571,122.539572492911,494.323620414803,255.446661703364
img_00121.jpg,551.219890373228,380.763400717385,476.251861220195,513.638149064193
img_00130.jpg,776.123977832324,157.836287071678,948.209681115421,88.6268388715671
img_00130.jpg,987.397514536325,31.5290441064756,1166.29849319697,171.6781767117
img_00134.jpg,377.430368245744,402.355547323742,523.958788863034,362.493122819699
img_00136.jpg,142.303367720324,661.021671958191,728.417050189486,744.186202821081
img_00154.jpg,319.500527536582,480.419461977491,414.91438282226,435.574234410444
img_00156.jpg,362.09599864626,273.762112806864,626.18791952626,317.018017931933
img_00163.jpg,428.544933577357,397.372744260736,571.665716505873,427.269562638768
img_00177.jpg,851.092006985357,413.982087804087,864.722557740454,329.274435732997
img_00186.jpg,909.021847694518,334.257238796002,1123.70302208729,231.279308827226
img_00187.jpg,224.086672250905,386.227466132044,368.911274023808,448.515969512144
img_00188.jpg,922.702843080604,212.174586146472,990.926200764417,246.17407408403
img_00191.jpg,523.958788863034,400.694612969406,609.149731082389,502.011608583848
img_00191.jpg,142.303367720324,460.48824972547,155.933918475421,666.444109663023
img_00193.jpg,179.78738229684,349.892505826986,326.315802914131,393.148410952055
img_00197.jpg,667.07957179155,480.419461977491,769.308702454776,357.510319756694
img_00201.jpg,618.077618073813,348.172537896704,729.138898024205,349.717969166593
img_00206.jpg,354.703725620024,187.447685828249,249.98880452394,94.7218096349091
img_00208.jpg,87.7811646999372,168.163803362492,241.124860694776,194.738753031854
img_00208.jpg,193.417933051937,291.07294558329,459.213672776324,254.532389787917
img_00208.jpg,503.512962730389,364.154057174034,643.226107970131,483.741330686162
img_00208.jpg,547.812252684453,101.726429189088,798.273622809357,254.532389787917
img_00208.jpg,798.273622809357,201.382490449194,1069.18081906691,357.510319756694
img_00208.jpg,667.07957179155,110.031100960763,966.951688403679,171.485672071162
img_00208.jpg,479.65949890897,311.004157835311,990.805152225099,435.574234410444
img_00209.jpg,670.487209480325,488.724133749167,701.155948679292,370.797794591375
img_00211.jpg,437.064027799292,433.913300056109,558.035165750776,433.913300056109
img_00215.jpg,576.674952815764,334.986550971894,542.705147865122,207.450355188185
img_00219.jpg,469.436585842647,526.16027055891,568.258078817099,663.269361981512
img_00227.jpg,544.404614995679,221.313702701215,873.241651962389,231.279308827226
img_00228.jpg,857.907282362905,375.78059765438,851.092006985357,304.36042041797
img_00233.jpg,704.563586368066,600.006735489619,673.894847169099,440.557037473449
img_00233.jpg,847.684369296583,477.097593268821,851.092006985357,360.832188465364
img_00236.jpg,726.142094598588,328.361294048065,834.845470440642,330.017608279022
img_00236.jpg,899.388099846862,595.027885232184,856.925843658559,505.586916760492
img_00237.jpg,684.714386044048,348.172537896704,786.256127712979,348.172537896704
img_00239.jpg,900.502753472583,317.647895252651,1125.40684093168,227.957440118556
img_00248.jpg,150.82246194226,672.260122074798,714.786499434389,744.186202821081
img_00264.jpg,663.671934102776,244.566783661907,970.359326092454,262.837061559593
img_00269.jpg,149.118643097873,453.84451230813,244.53249838355,397.372744260736
img_00270.jpg,149.118643097873,497.028805520842,142.303367720324,643.191028702332
img_00270.jpg,142.303367720324,467.131987142811,230.901947628453,427.269562638768
img_00270.jpg,551.219890373228,417.303956512758,418.322020511034,463.81011843414
img_00274.jpg,857.907282362905,369.136860237039,840.869093919034,287.751076874619
img_00275.jpg,435.360208954905,440.557037473449,558.035165750776,430.591431347438
img_00277.jpg,237.717223006002,317.647895252651,466.028948153873,129.962313212785
img_00277.jpg,626.18791952626,181.451278197173,960.136413026131,143.249788047465
img_00277.jpg,673.894847169099,304.36042041797,1014.65861604652,350.866582339353
img_00278.jpg,547.812252684453,666.444109663023,648.337564503292,482.080396331827
img_00281.jpg,476.251861220195,317.647895252651,844.276731607808,284.429208165949
img_00281.jpg,530.774064240583,131.62324756712,844.276731607808,242.905849307572
img_00281.jpg,660.264296414002,115.013904023769,963.544050714905,176.468475134167
img_00281.jpg,847.684369296583,364.154057174034,1110.0724713322,354.188451048024
img_00288.jpg,387.653281312066,462.149184079805,534.181701929357,427.269562638768
img_00290.jpg,540.996977306905,221.313702701215,891.983659250647,276.124536394274
img_00291.jpg,714.252662865863,142.854100180852,685.378328657818,290.266066736048
img_00294.jpg,644.614562717048,257.139782116903,593.659855291085,416.1459482888
img_00295.jpg,312.685252159034,280.683057626875,237.717223006002,406.990300592077
img_00296.jpg,244.53249838355,453.84451230813,374.02273055697,450.52264359946
img_00299.jpg,752.270514010905,430.591431347438,1041.91971755671,407.338350386747
img_00300.jpg,590.262874796021,422.771205212629,644.614562717048,281.984495581262
img_00301.jpg,374.02273055697,306.636600701916,627.891738370647,268.571404191855
img_00317.jpg,357.876905047178,184.356823288471,254.748573664671,94.7218096349091
img_00319.jpg,879.006216876477,614.903656003671,875.609236381412,467.491689448475
img_00319.jpg,726.142094598588,323.392351355193,836.543960688174,326.704979817108
img_00327.jpg,776.123977832324,154.375814661672,948.209681115421,92.0873112815726
img_00337.jpg,60.5200631897437,375.78059765438,191.71411420755,251.210521079247
img_00337.jpg,132.080454654002,483.741330686162,326.315802914131,350.866582339353
img_00337.jpg,404.691469755937,307.682289126641,660.264296414002,124.979510149779
img_00337.jpg,673.894847169099,101.726429189088,975.470782625615,211.348096575205
img_00337.jpg,566.554259972712,257.854258496588,893.687478095034,261.176127205258
img_00338.jpg,489.882411975292,407.338350386747,626.18791952626,487.063199394832
img_00341.jpg,448.990759710002,164.42026799214,588.703904949744,232.650250036148
img_00342.jpg,80.9658893223888,171.485672071162,241.124860694776,181.451278197173
img_00342.jpg,210.456121495808,208.026227866534,471.140404687034,254.532389787917
img_00342.jpg,564.850441128325,108.370166606428,830.646180852712,164.841934653822
img_00342.jpg,673.894847169099,320.969763961321,994.212789913873,284.429208165949
img_00344.jpg,196.825570740711,447.200774890789,319.500527536582,450.52264359946
img_00351.jpg,278.608875271292,460.48824972547,421.729658199808,443.878906182119
img_00353.jpg,339.946353669228,275.492349011866,353.576904424324,426.022898847108
img_00356.jpg,190.010295363163,354.188451048024,462.621310465099,390.729006843396
img_00356.jpg,299.054701403937,148.232591110471,578.480991883421,129.962313212785
img_00356.jpg,98.0040777662598,101.726429189088,190.010295363163,244.566783661907
img_00361.jpg,350.16926673555,391.298869159628,346.761629046776,209.235977270598
img_00366.jpg,660.264296414002,847.579943893864,292.239426026389,858.818394010471
img_00369.jpg,341.650172513615,433.913300056109,483.067136597744,420.625825221428
img_00381.jpg,551.219890373228,699.662796749725,653.449021036453,468.792921497146
img_00381.jpg,646.633745658905,714.611205938741,728.417050189486,546.856836150896
img_00381.jpg,845.980550452196,560.144310985576,782.939253209873,410.660219095417
img_00384.jpg,745.455238633357,423.947693930098,832.349999697099,521.942820835869
img_00385.jpg,612.557368771163,503.672542938183,593.815361482905,380.763400717385
img_00396.jpg,271.793599893744,161.520065945151,566.554259972712,108.370166606428
img_00396.jpg,707.971224056841,234.601177535896,1035.10444217916,282.768273811614
img_00401.jpg,898.798934628196,387.407138134726,902.20657231697,301.0385517093
img_00403.jpg,722.745114103524,323.392351355193,834.845470440642,326.704979817108
img_00403.jpg,892.594138856733,598.340513694098,848.433392420899,495.649031374748
img_00415.jpg,312.685252159034,457.1663810168,455.80603508755,448.861709245124
img_00421.jpg,673.894847169099,190.006511258643,435.360208954905,96.1902859481323
img_00447.jpg,87.7811646999372,169.824737716827,247.940136072324,194.738753031854
img_00447.jpg,190.010295363163,282.768273811614,466.028948153873,244.566783661907
img_00447.jpg,517.143513485486,350.866582339353,827.238543163937,483.741330686162
img_00447.jpg,477.955680064582,304.36042041797,823.830905475163,281.107339457279
img_00447.jpg,636.410832592583,254.532389787917,912.429485383292,457.1663810168
img_00447.jpg,551.219890373228,101.726429189088,796.56980396497,254.532389787917
img_00447.jpg,784.64307205426,204.704359157864,1075.99609444445,367.475925882704
img_00447.jpg,660.264296414002,110.031100960763,966.951688403679,178.129409488503
img_00451.jpg,293.943244870776,244.348097321817,309.27761447026,386.227466132044
img_00457.jpg,414.91438282226,209.743373221761,648.337564503292,348.162269621983
img_00461.jpg,735.232325567034,440.557037473449,1048.73499293426,440.557037473449
img_00461.jpg,259.866867983034,174.807540779832,537.589339618131,144.910722401801
img_00466.jpg,189.698395408012,176.629666939026,218.257010252399,311.082187419368
img_00466.jpg,116.715268583468,609.350422507943,126.234806864931,277.08269948181
img_00482.jpg,489.882411975292,397.372744260736,605.742093393615,473.775724560151
img_00490.jpg,861.314920051679,377.441532008715,844.276731607808,301.0385517093
img_00496.jpg,503.512962730389,468.792921497146,857.907282362905,448.861709245124
img_00496.jpg,370.615092868195,237.923046244566,714.786499434389,296.055748646295
img_00496.jpg,578.480991883421,138.26698498446,885.168383873099,171.485672071162
img_00502.jpg,87.7811646999372,164.841934653822,241.124860694776,198.060621740524
img_00502.jpg,193.417933051937,282.768273811614,455.80603508755,244.566783661907
img_00502.jpg,552.923709217615,108.370166606428,805.088898186905,256.193324142252
img_00502.jpg,663.671934102776,111.692035315098,968.655507248066,168.163803362492
img_00502.jpg,803.385079342518,198.060621740524,1075.99609444445,357.510319756694
img_00502.jpg,743.75141978897,364.154057174034,1007.84334066897,395.711809906401
img_00507.jpg,496.697687352841,470.453855851481,864.722557740454,450.52264359946
img_00507.jpg,377.430368245744,229.618374472891,707.971224056841,304.36042041797
img_00507.jpg,578.480991883421,128.301378858449,919.244760760841,171.485672071162
img_00508.jpg,745.455238633357,389.068072489061,728.417050189486,530.247492607545
img_00509.jpg,844.276731607808,410.660219095417,653.449021036453,543.534967442225
img_00523.jpg,602.334455704841,516.960017772864,689.229216768583,370.797794591375
img_00525.jpg,476.251861220195,358.543686851999,312.685252159034,251.269042141828
img_00526.jpg,755.678151699679,488.724133749167,859.611101207292,375.78059765438
img_00544.jpg,735.232325567034,440.557037473449,779.531615521099,340.900976213343
img_00545.jpg,505.216781574776,495.367871166507,360.392179801873,497.028805520842
img_00545.jpg,157.637737319808,477.097593268821,116.746085054518,653.156634828342
img_00546.jpg,597.056835786149,353.206007512424,508.73534291448,303.516580583706
img_00555.jpg,851.092006985357,417.303956512758,859.611101207292,330.935370087332
img_00558.jpg,483.067136597744,490.385068103502,530.774064240583,367.475925882704
img_00561.jpg,305.869976781486,287.751076874619,578.480991883421,314.326026543981
img_00561.jpg,805.088898186905,428.930496993103,1082.811369822,453.84451230813
img_00562.jpg,411.506745133486,198.060621740524,731.82468787826,161.520065945151
img_00562.jpg,926.060036138389,216.33089963821,1145.85266706432,360.832188465364
img_00570.jpg,806.792717031292,214.669965283875,953.321137648583,483.741330686162
img_00570.jpg,881.760746184324,560.144310985576,1130.51829746484,453.84451230813
img_00576.jpg,840.869093919034,335.918173150337,776.123977832324,440.557037473449
img_00579.jpg,532.401773540652,555.260328061828,614.904438646658,527.442565203827
img_00592.jpg,559.690050340443,426.083833674543,673.488896925093,300.203952121792
img_00594.jpg,1038.51207986794,592.125574527374,716.490318278776,749.577069182626
img_00595.jpg,522.323264894737,440.990661753159,546.102128360186,621.5289129275
img_00596.jpg,663.671934102776,483.741330686162,769.308702454776,355.849385402359
img_00605.jpg,687.525397924195,643.191028702332,765.901064766002,473.775724560151
img_00605.jpg,813.607992408841,327.613501378662,871.537833118002,420.625825221428
img_00607.jpg,264.978324516195,272.171297923596,149.118643097873,442.995739696019
img_00617.jpg,396.172375534002,261.176127205258,714.786499434389,320.969763961321
img_00617.jpg,796.56980396497,347.544713630683,1065.77318137813,389.068072489061
img_00624.jpg,544.404614995679,204.704359157864,886.872202717486,276.124536394274
img_00626.jpg,776.123977832324,301.0385517093,796.56980396497,384.085269426055
img_00632.jpg,349.943956479293,195.174842177694,246.815625096785,94.7218096349091
img_00633.jpg,142.303367720324,457.1663810168,155.933918475421,666.444109663023
img_00633.jpg,539.293158462518,394.050875552066,605.742093393615,510.316280355523
img_00634.jpg,718.194137123163,593.362998072279,689.229216768583,435.574234410444
img_00634.jpg,845.980550452196,402.355547323742,912.429485383292,320.969763961321
img_00636.jpg,811.904173564454,397.372744260736,772.71634014355,271.141733331268
img_00638.jpg,271.793599893744,442.217971827784,387.653281312066,457.1663810168
img_00643.jpg,633.003194903808,453.84451230813,723.305593656325,350.866582339353
img_00653.jpg,360.392179801873,70.6040426816294,578.480991883421,70.6040426816294
img_00660.jpg,731.82468787826,387.407138134726,690.93303561297,497.028805520842
img_00665.jpg,551.219890373228,151.627146358889,309.27761447026,57.810921048378
img_00668.jpg,1023.17771026845,605.967464167396,1014.65861604652,500.423055662227
img_00672.jpg,891.983659250647,320.969763961321,1116.88774670974,221.313702701215
img_00679.jpg,544.404614995679,217.991833992545,878.35310849555,231.279308827226
img_00684.jpg,190.010295363163,405.260064387074,353.576904424324,426.022898847108
img_00687.jpg,220.679034562131,237.923046244566,493.290049664066,188.095015614513
img_00687.jpg,525.662607707421,108.370166606428,840.869093919034,158.198197236481
img_00687.jpg,564.850441128325,699.662796749725,859.611101207292,633.225422576321
img_00690.jpg,1055.55026831181,593.855810732377,714.786499434389,749.577069182626
img_00701.jpg,660.264296414002,244.566783661907,973.766963781228,267.819864622598
img_00705.jpg,578.480991883421,138.26698498446,914.133304227679,171.485672071162
img_00705.jpg,155.933918475421,151.554459819141,360.392179801873,158.198197236481
img_00706.jpg,639.818470281357,393.148410952055,1035.10444217916,389.687938542049
img_00706.jpg,1055.55026831181,199.361955991744,690.93303561297,192.441011171733
img_00710.jpg,619.372644148712,506.994411646853,725.009412500712,362.493122819699
img_00712.jpg,605.742093393615,506.994411646853,592.111542638518,380.763400717385
img_00713.jpg,224.086672250905,437.235168764779,346.761629046776,468.792921497146
img_00714.jpg,881.760746184324,324.291632669992,1118.59156555413,224.635571409885
img_00715.jpg,523.958788863034,101.726429189088,782.939253209873,227.957440118556
img_00719.jpg,544.404614995679,528.407960582231,675.598666013486,687.993952238047
img_00722.jpg,205.344664962647,406.990300592077,380.838005934518,400.069355772066
img_00727.jpg,169.564469230518,428.930496993103,285.424150648841,410.660219095417
img_00728.jpg,929.960924302439,220.700869035843,1096.41296856058,257.139782116903
img_00728.jpg,512.132323409544,383.019663669655,644.614562717048,310.141837507535
img_00741.jpg,658.202484697304,210.7629836501,702.363231133139,359.831264436253
img_00742.jpg,660.264296414002,215.592754525146,655.152839880841,126.040903092386
img_00744.jpg,612.557368771163,503.672542938183,728.417050189486,360.832188465364
img_00744.jpg,711.378861745615,477.097593268821,769.308702454776,337.579107504672
img_00745.jpg,687.525397924195,639.869159993661,769.308702454776,480.419461977491
img_00745.jpg,864.722557740454,407.338350386747,789.754528587421,334.257238796002
img_00747.jpg,401.283832067163,6.63843451537207,571.665716505873,160.15589411439
img_00754.jpg,346.761629046776,289.334238651889,626.18791952626,310.097073111922
img_00756.jpg,730.120869033873,448.861709245124,891.983659250647,377.441532008715
img_00762.jpg,1110.0724713322,697.669983032543,660.264296414002,683.828093392521
img_00782.jpg,624.232679746662,222.3571832668,700.664740885607,356.518635974339
img_00788.jpg,469.436585842647,487.063199394832,612.557368771163,502.011608583848
img_00788.jpg,162.74919385297,500.350674229513,149.118643097873,628.242619513316
img_00790.jpg,271.793599893744,158.198197236481,571.665716505873,115.013904023769
img_00793.jpg,287.127969493228,201.382490449194,585.29626726097,121.657641441109
img_00793.jpg,932.875311515937,138.26698498446,605.742093393615,124.979510149779
img_00809.jpg,871.537833118002,369.136860237039,847.684369296583,301.0385517093
img_00810.jpg,322.908165225357,272.031876601861,264.978324516195,410.450773002083
img_00811.jpg,244.53249838355,440.557037473449,360.392179801873,457.1663810168
img_00817.jpg,425.137295888582,198.060621740524,728.417050189486,148.232591110471
img_00817.jpg,946.505862271034,191.416884323183,1120.29538439852,410.660219095417
img_00820.jpg,580.184810727808,654.817569182677,605.742093393615,530.247492607545
img_00820.jpg,789.754528587421,330.935370087332,823.830905475163,276.124536394274
img_00823.jpg,264.978324516195,417.371717822094,408.099107444712,458.89738674216
img_00824.jpg,718.194137123163,603.328604198289,690.93303561297,427.269562638768
img_00824.jpg,844.276731607808,395.711809906401,915.837123072066,317.647895252651
img_00829.jpg,564.850441128325,158.198197236481,817.015630097615,382.42433507172
img_00831.jpg,162.74919385297,480.419461977491,109.93080967697,656.478503537012
img_00831.jpg,505.216781574776,520.281886481534,389.357100156453,423.947693930098
img_00834.jpg,322.908165225357,306.636600701916,435.360208954905,382.766993722038
img_00840.jpg,648.011543212112,290.266066736048,544.403638112654,253.827153654988
img_00843.jpg,326.315802914131,460.48824972547,476.251861220195,427.269562638768
img_00863.jpg,455.80603508755,341.241324801972,680.710122546647,379.306521312033
img_00866.jpg,619.372644148712,510.316280355523,725.009412500712,364.154057174034
img_00866.jpg,714.786499434389,475.436658914486,769.308702454776,354.188451048024
img_00869.jpg,615.965006459937,513.638149064193,721.601774811937,370.797794591375
img_00869.jpg,718.194137123163,480.419461977491,762.493427077228,344.222844922013
img_00870.jpg,155.933918475421,500.350674229513,145.711005409099,633.225422576321
img_00870.jpg,466.028948153873,495.367871166507,612.557368771163,500.350674229513
img_00878.jpg,496.697687352841,344.701797211977,755.678151699679,384.497229927041
img_00880.jpg,1055.55026831181,281.107339457279,1227.63597159491,307.682289126641
img_00881.jpg,862.021314401156,306.829209045621,726.142094598588,326.704979817108
img_00885.jpg,771.012521299163,144.910722401801,518.847332329873,151.554459819141
img_00885.jpg,138.89573003155,214.669965283875,312.685252159034,304.36042041797
img_00893.jpg,936.282949204712,257.854258496588,1152.66794244187,281.107339457279
img_00895.jpg,610.644757766406,267.077667502646,524.021755142269,316.767094431364
img_00897.jpg,643.463053491045,150.357335350913,630.770335782429,236.901486464696
img_00897.jpg,610.144669505927,131.812160112245,605.384900365196,199.811135987361
img_00897.jpg,589.519003229426,141.084747731579,576.82628552081,227.628898845362
img_00898.jpg,752.270514010905,448.861709245124,827.238543163937,601.667669843954
img_00899.jpg,707.971224056841,600.006735489619,684.117760235421,440.557037473449
img_00899.jpg,844.276731607808,402.355547323742,891.983659250647,324.291632669992
img_00901.jpg,186.525215980858,171.993373129359,221.430189679553,323.44563757848
img_00901.jpg,119.888448010622,610.895853777832,140.514114287124,249.264936623808
img_00911.jpg,702.859767523679,513.638149064193,857.907282362905,402.355547323742
img_00928.jpg,847.684369296583,362.493122819699,701.155948679292,422.286759575763
img_00939.jpg,336.538715980453,201.382490449194,612.557368771163,330.935370087332
img_00940.jpg,430.443490878835,403.067942241174,564.457370883605,434.276485425162
img_00956.jpg,459.281920753279,391.570057910232,547.49358860452,472.055248226831
img_00957.jpg,350.347013772201,197.821450009326,244.50972412997,92.3666837465304
img_00961.jpg,238.752751125177,370.222466842454,413.47970859975,370.222466842454
img_00967.jpg,532.226184553344,388.284948101391,618.741474176677,516.404230646182
img_00967.jpg,148.844705046027,445.774369756105,160.719352641387,664.234172044017
img_00970.jpg,824.003239753603,67.359558158552,1032.65776178635,118.692254545654
img_00975.jpg,549.189966832429,573.893652300896,664.543686330206,432.633930520742
img_00975.jpg,630.616121772036,606.744750389304,723.916924307003,444.131814851684
img_00984.jpg,552.582723288246,565.680877778794,686.596603293016,434.276485425162
img_00984.jpg,640.794391139487,603.459640580463,734.095193674454,444.131814851684
img_00987.jpg,159.022974413478,283.161434218486,408.390573916025,301.22953816711
img_00987.jpg,532.226184553344,155.042151673695,846.056156716413,248.667781225657
img_00987.jpg,622.134230632494,102.480394732242,917.30404228857,166.540036004637
img_00993.jpg,547.49358860452,308.623231177931,710.345898483735,401.022084674715
img_00994.jpg,460.978298981188,447.221511423107,574.635640251056,517.376196485479
img_00996.jpg,515.262402274259,339.008300968779,768.022758232623,179.680475240001
img_00996.jpg,277.769450367072,153.399596769274,571.242883795239,107.408059445503
img_00998.jpg,533.922562781253,341.133938889763,710.345898483735,397.599904915575
img_01000.jpg,800.253944562884,366.931734343926,766.326380004715,266.735885174282
img_01001.jpg,862.157190549557,355.2394344306,773.696172341125,312.446195947147
img_01001.jpg,626.787695673551,52.6301051547524,580.977525529898,93.895013692368
img_01001.jpg,636.265661910168,67.9134046131286,647.323289186222,104.593323313231
img_01006.jpg,186.165026060014,401.022084674715,343.928201255503,428.399522747836
img_01009.jpg,643.866689151366,264.358717390112,594.825575017733,415.053420749204
img_01011.jpg,805.34307924661,388.284948101391,864.716317223407,309.442312689212
img_01011.jpg,673.025577469748,565.680877778794,788.379296967525,434.276485425162
img_01014.jpg,725.038188407034,323.326210008887,823.120416674299,328.240167727118
img_01014.jpg,905.982988831127,585.403954981221,855.250801796334,496.952716053058
img_01021.jpg,488.120350627724,368.511376962884,325.268040748509,248.735085392979
img_01023.jpg,776.504649372166,158.047321775765,949.535228618831,89.6037265929629
img_01025.jpg,830.788752665237,340.650855873199,1092.03099976314,329.152971542257
img_01028.jpg,632.029178843248,254.530801953649,505.198711256267,323.326210008887
img_01029.jpg,700.167629116284,429.348820711901,1020.78311419099,442.489259947264
img_01029.jpg,255.716533404262,171.467700717899,549.189966832429,140.259157533911
img_01032.jpg,784.986540511708,209.246463519568,1047.92516583752,311.084867593632
img_01032.jpg,572.939262023148,128.761273202968,873.198208362949,159.969816386956
img_01032.jpg,157.32659618557,245.382671416816,393.123169864849,274.948659696384
img_01033.jpg,450.800029613737,398.140277527913,552.582723288246,460.557363895888
img_01038.jpg,808.735835702427,366.931734343926,786.682918739617,296.301873453849
img_01045.jpg,469.46019012073,486.838242366615,605.170448353409,501.621236506398
img_01045.jpg,162.415730869295,501.621236506398,153.933839729753,633.02562886003
img_01046.jpg,656.061795190663,107.408059445503,949.535228618831,186.250694857682
img_01047.jpg,483.031215943998,205.957838403727,311.697014925242,224.779827078998
img_01056.jpg,438.808031980633,301.747886326284,460.923286532741,434.712591614156
img_01063.jpg,664.543686330206,480.268022748933,773.111892916349,353.791295108563
img_01066.jpg,462.674677209096,486.838242366615,545.797210376612,362.004069630665
img_01070.jpg,647.323289186222,546.280677660302,639.424983989041,599.772225764619
img_01072.jpg,505.084132906808,516.404230646182,382.944900497398,426.06371090306
img_01072.jpg,164.112109097204,481.910577653353,116.613518715766,660.949062235177
img_01074.jpg,335.44631011596,279.53470322524,494.905863539358,205.957838403727
img_01077.jpg,786.682918739617,204.318798806307,1053.01430052125,319.297642115734
img_01077.jpg,574.635640251056,125.476163394127,873.198208362949,156.684706578115
img_01077.jpg,148.844705046027,235.527341990294,396.515926320666,283.161434218486
img_01079.jpg,369.37387467413,513.119120837341,718.827789623277,534.472334594806
img_01079.jpg,428.747112650927,345.578520586461,706.953142027918,495.051016888717
img_01079.jpg,527.137049869619,219.10179294609,759.540867093081,460.557363895888
img_01079.jpg,734.095193674454,133.688937916229,905.42939469321,181.323030144421
img_01079.jpg,265.894802771713,186.250694857682,547.49358860452,184.608139953262
img_01079.jpg,67.4185501064201,148.471932056013,99.6497364366813,339.008300968779
img_01079.jpg,16.5272032691656,434.276485425162,179.37951314838,417.850936380958
img_01082.jpg,664.543686330206,490.123352175455,706.953142027918,371.859399057187
img_01083.jpg,550.886345060337,215.816683137249,869.805451907132,238.812451799135
img_01085.jpg,366.143624166564,193.236460171813,242.930063090534,89.3100238548552
img_01086.jpg,403.301439232299,463.842473704729,549.189966832429,403.067942241174
img_01086.jpg,172.594000236746,629.740519051189,316.786149608967,618.242634720246
img_01093.jpg,303.215123785699,449.059479564946,452.496407841645,455.629699182627
img_01095.jpg,135.273679222759,113.978279063185,254.020155176353,187.893249762103
img_01095.jpg,423.657977967201,238.812451799135,734.095193674454,163.254926195797
img_01095.jpg,803.646701018701,171.467700717899,1064.88894811661,276.591214600804
img_01105.jpg,866.412695451315,358.718959821824,846.056156716413,283.161434218486
img_01109.jpg,540.708075692887,224.029457659351,879.983721274583,233.884787085874
img_01110.jpg,358.245318969383,199.349779955163,242.930063090534,95.4233436382057
img_01111.jpg,944.446093935105,319.297642115734,1156.49337242367,248.667781225657
img_01112.jpg,851.145291400139,345.578520586461,840.967022032688,279.876324409645
img_01117.jpg,749.36259772563,439.204150138423,788.379296967525,340.650855873199
img_01121.jpg,625.526987088311,613.314970006985,778.201027600074,460.557363895888
img_01125.jpg,822.306861525695,403.067942241174,700.167629116284,279.876324409645
img_01127.jpg,489.816728855632,368.511376962884,326.964418976418,240.179635995129
img_01128.jpg,215.003455934458,422.778601094219,343.928201255503,424.42115599864
img_01129.jpg,184.468647832105,363.646624535085,457.585542525371,393.212612814652
img_01129.jpg,296.429610874065,140.259157533911,574.635640251056,125.476163394127
img_01129.jpg,555.975479744063,291.374208740588,903.733016465302,284.803989122906
img_01129.jpg,103.042492892498,105.765504541083,189.557782515831,238.812451799135
img_01130.jpg,358.245318969383,199.349779955163,252.408029327152,90.8383538006927
img_01139.jpg,776.504649372166,146.069692618775,954.624363302556,86.1815468338227
img_01141.jpg,735.791571902362,445.774369756105,778.201027600074,348.863630395301
img_01144.jpg,552.582723288246,568.965987587634,673.025577469748,434.276485425162
img_01144.jpg,637.40163468367,603.459640580463,727.30968076282,449.059479564946
img_01152.jpg,265.894802771713,472.055248226831,401.605061004391,429.348820711901
img_01152.jpg,145.45194859021,695.442715228005,92.8642235250474,591.96175624952
img_01160.jpg,722.220546079094,595.246866058361,688.292981520925,439.204150138423
img_01160.jpg,844.359778488505,393.212612814652,912.214907604844,316.012532306893
img_01162.jpg,830.788752665237,362.004069630665,1103.9056473585,317.655087211314
img_01162.jpg,712.042276711643,118.905943776446,1005.51571013981,171.467700717899
img_01162.jpg,430.443490878835,169.825145813478,751.058975953538,171.467700717899
img_01163.jpg,776.504649372166,151.202962257485,951.231606846739,86.1815468338227
img_01163.jpg,973.284523809549,28.0044909284405,1161.58250710739,176.869310451036
img_01183.jpg,776.504649372166,207.603908615147,1053.01430052125,314.369977402473
img_01183.jpg,650.972660506938,118.905943776446,859.627182539681,151.757041864854
img_01183.jpg,152.237461501844,228.957122372612,398.212304548574,276.591214600804
img_01186.jpg,859.627182539681,476.982912940092,1134.44045546086,481.910577653353
img_01186.jpg,749.36259772563,245.382671416816,1047.92516583752,366.931734343926
img_01186.jpg,952.927985074648,242.097561607976,1188.72455875393,327.510416637836
img_01186.jpg,778.201027600074,135.33149282065,1083.5491086236,201.033688997466
img_01186.jpg,404.997817460208,117.263388872025,640.794391139487,118.905943776446
img_01191.jpg,812.128592158244,396.497722623493,669.632821013931,312.727422498053
img_01196.jpg,903.733016465302,319.297642115734,1188.72455875393,350.506185299722
img_01196.jpg,706.953142027918,237.169896894714,985.159171404909,238.812451799135
img_01196.jpg,583.117531390599,105.765504541083,885.072855958308,178.03792033558
img_01197.jpg,311.697014925242,277.82361334567,221.788968846092,387.333365638154
img_01205.jpg,601.777691897592,403.067942241174,951.231606846739,411.280716763276
img_01205.jpg,257.41291163217,171.467700717899,552.582723288246,153.399596769274
img_01206.jpg,276.073072139163,161.612371291376,561.064614427788,107.408059445503
img_01206.jpg,762.933623548898,248.667781225657,1071.67446102824,296.301873453849
img_01207.jpg,269.28755922753,161.612371291376,574.635640251056,109.050614349924
img_01207.jpg,954.624363302556,204.318798806307,1178.54628938648,342.29341077762
img_01225.jpg,842.663400260596,237.169896894714,1039.44327469798,472.055248226831
img_01225.jpg,362.588361762496,201.033688997466,683.203846837199,155.042151673695
img_01238.jpg,1075.06721748406,614.908319620973,689.989359748833,726.129161793027
img_01239.jpg,494.905863539358,403.067942241174,601.777691897592,475.340358035672
img_01240.jpg,522.047915185893,315.467590696212,754.451732409355,390.755545397294
img_01243.jpg,60.6330371947862,256.880555747759,233.663616441451,243.740116512396
img_01243.jpg,65.7221718785116,224.029457659351,233.663616441451,186.250694857682
img_01243.jpg,60.6330371947862,174.752810526739,181.075891376288,135.33149282065
img_01243.jpg,408.390573916025,136.97404772507,730.702437218637,201.033688997466
img_01243.jpg,905.42939469321,192.820914475364,1142.9223466004,207.603908615147
img_01243.jpg,316.786149608967,227.314567468192,598.384935441775,348.863630395301
img_01246.jpg,303.215123785699,212.531573328409,615.34871772086,314.369977402473
img_01246.jpg,1008.90846659563,508.19145612408,1010.60484482354,201.033688997466
img_01247.jpg,352.410092395045,318.889770455352,613.652339492951,293.223422261801
img_01255.jpg,583.117531390599,133.688937916229,912.214907604844,171.467700717899
img_01261.jpg,1047.92516583752,274.948659696384,712.042276711643,335.723191159938
img_01262.jpg,511.869645818442,330.867399612342,751.058975953538,385.622275758584
img_01265.jpg,184.468647832105,306.157202880371,423.657977967201,87.6974005924583
img_01265.jpg,505.084132906808,284.803989122906,854.538047855956,209.246463519568
img_01265.jpg,695.078494432559,156.684706578115,998.730197228177,169.825145813478
img_01268.jpg,425.35435619511,289.731653836167,786.682918739617,401.425387336754
img_01271.jpg,343.928201255503,300.067781780081,354.106470622954,423.266253109126
img_01273.jpg,985.370751625587,330.786155297198,1026.44193865093,414.844302318267
img_01273.jpg,712.08939180311,80.1400441798295,647.323289186222,81.6683741256671
img_01273.jpg,614.15040735806,92.3666837465304,622.048712555242,61.8000848297781
img_01276.jpg,791.772053423342,380.072173579289,902.036638237393,309.442312689212
img_01278.jpg,187.861404287922,348.863630395301,455.889164297462,396.497722623493
img_01278.jpg,289.644097962431,145.186822247172,586.510287846416,127.118718298548
img_01278.jpg,106.435249348315,102.480394732242,184.468647832105,232.242232181453
img_01282.jpg,250.627398720536,370.222466842454,450.800029613737,368.511376962884
img_01287.jpg,562.695189895698,418.329392561358,654.013126558324,305.308365042039
img_01291.jpg,715.43503316746,513.986404579483,849.44891317223,680.697731631052
img_01300.jpg,254.020155176353,460.557363895888,391.42679163694,467.12758351357
img_01304.jpg,308.304258469425,486.838242366615,418.568843283476,434.276485425162
img_01306.jpg,530.564804773663,259.444759671881,407.116482989001,349.53398450612
img_01313.jpg,399.316505994726,22.0635062380002,467.241930690486,170.311510984249
img_01314.jpg,477.942081260273,128.761273202968,825.699617981512,118.905943776446
img_01316.jpg,618.741474176677,260.1656655566,978.373658493275,265.093330269861
img_01316.jpg,703.560385572101,151.757041864854,1000.42657545609,145.186822247172
img_01316.jpg,157.32659618557,335.723191159938,114.917140487858,559.110658161112
img_01319.jpg,781.593784055891,207.603908615147,1047.92516583752,312.727422498053
img_01319.jpg,564.457370883605,135.33149282065,868.109073679224,156.684706578115
img_01319.jpg,131.880922766942,245.382671416816,388.034035181123,284.803989122906
img_01330.jpg,406.694195688116,453.987144278207,552.582723288246,403.067942241174
img_01330.jpg,170.897622008838,628.097964146769,321.875284292692,621.527744529087
img_01330.jpg,142.059192134393,499.978681601978,135.273679222759,629.740519051189
img_01330.jpg,174.290378464654,449.059479564946,260.805668087987,470.412693322411
img_01333.jpg,773.111892916349,156.336231896195,946.142472163014,89.6037265929629
img_01334.jpg,274.376693911255,467.12758351357,415.176086827659,445.774369756105
img_01336.jpg,554.279101516154,687.229940705903,618.741474176677,490.123352175455
img_01338.jpg,299.822367329882,276.591214600804,596.688557213866,317.655087211314
img_01338.jpg,793.46843165125,437.561595234003,1075.06721748406,445.774369756105
img_01353.jpg,354.106470622954,470.412693322411,501.691376450991,476.982912940092
img_01354.jpg,152.237461501844,498.336126697557,159.022974413478,649.451177904234
img_01354.jpg,354.106470622954,403.067942241174,423.657977967201,508.19145612408
img_01355.jpg,522.047915185893,99.1952849234011,857.930804311773,161.612371291376
img_01355.jpg,223.485347074,250.310336130078,506.780511134717,179.680475240001
img_01357.jpg,605.170448353409,204.318798806307,825.699617981512,235.527341990294
img_01357.jpg,262.502046315896,166.540036004637,564.457370883605,102.480394732242
img_01361.jpg,140.362813906485,209.246463519568,321.875284292692,302.87209307153
img_01361.jpg,803.646701018701,158.327261482535,525.44067164171,148.471932056013
img_01362.jpg,605.170448353409,629.740519051189,715.43503316746,437.561595234003
img_01362.jpg,576.332018478965,542.685109116908,673.025577469748,416.208381476538
img_01362.jpg,813.824970386152,388.284948101391,885.072855958308,293.016763645008
img_01362.jpg,890.161990642034,403.067942241174,902.036638237393,293.016763645008
img_01362.jpg,995.33744077236,396.497722623493,917.30404228857,297.944428358269
img_01363.jpg,136.970057450668,658.469554690843,722.220546079094,742.936627063638
img_01364.jpg,389.730413409032,519.689340455023,493.209485311449,394.855167719072
img_01364.jpg,147.148326818119,485.195687462194,199.736051883282,670.804391661699
img_01367.jpg,593.134502116573,485.486814710518,550.85767958758,341.344054975735
img_01367.jpg,911.056207534606,208.667196583491,1081.85457055174,202.115252959183
img_01374.jpg,1017.39035773517,327.510416637836,1220.95574508419,263.450775365441
img_01374.jpg,713.738654939552,192.820914475364,879.983721274583,182.965585048841
img_01374.jpg,92.8642235250474,386.64239319697,365.981118218313,495.051016888717
img_01390.jpg,223.485347074,240.455006703555,499.994998223083,192.820914475364
img_01390.jpg,518.655158730076,105.765504541083,832.485130893146,155.042151673695
img_01396.jpg,647.579904051121,437.561595234003,744.273463041904,350.506185299722
img_01398.jpg,360.891983534588,303.489961539221,623.830608860402,306.912141298361
img_01401.jpg,148.844705046027,613.314970006985,289.644097962431,634.66818376445
img_01401.jpg,371.070252902038,429.348820711901,510.173267590534,381.714728483709
img_01402.jpg,477.942081260273,486.838242366615,539.011697464978,366.931734343926
img_01409.jpg,776.504649372166,381.714728483709,832.485130893146,312.727422498053
img_01416.jpg,890.161990642034,250.310336130078,1129.35132077713,274.948659696384
img_01417.jpg,849.44891317223,476.982912940092,1131.04769900504,478.625467844513
img_01417.jpg,745.969841269813,240.455006703555,1044.53240938171,355.433850012983
img_01417.jpg,952.927985074648,245.382671416816,1188.72455875393,327.510416637836
img_01417.jpg,791.772053423342,138.616602629491,1085.24548685151,196.106024284205
img_01417.jpg,403.301439232299,123.833608489707,640.794391139487,118.905943776446
img_01422.jpg,270.983937455438,156.684706578115,561.064614427788,105.765504541083
img_01422.jpg,520.351536957985,233.884787085874,840.967022032688,186.250694857682
img_01433.jpg,643.866689151366,262.720731484035,598.207720820053,411.77744893705
img_01433.jpg,498.434419651628,197.201295240951,503.507638355107,244.702886517187
img_01434.jpg,781.593784055891,375.144508866028,835.877887348962,314.369977402473
img_01445.jpg,630.616121772036,125.476163394127,922.393176972295,140.259157533911
img_01445.jpg,993.641062544451,549.25532873459,898.643881781576,695.442715228005
img_01446.jpg,272.680315683346,159.969816386956,528.833428097527,102.480394732242
img_01448.jpg,650.972660506938,480.268022748933,764.630001776806,373.501953961607
img_01454.jpg,223.485347074,376.787063770448,493.209485311449,426.06371090306
img_01455.jpg,265.894802771713,444.131814851684,404.997817460208,472.055248226831
img_01458.jpg,1142.9223466004,746.662240347868,815.521348614061,664.529926128505
img_01460.jpg,479.638459488181,464.332410218807,622.134230632494,529.35382564247
img_01464.jpg,488.120350627724,508.19145612408,505.084132906808,355.433850012983
img_01464.jpg,147.148326818119,498.336126697557,142.059192134393,642.880958286552
img_01466.jpg,604.972012424692,528.074448268523,604.972012424692,709.890883843079
img_01478.jpg,788.379296967525,209.246463519568,1049.62154406543,316.012532306893
img_01478.jpg,569.546505567331,128.761273202968,864.716317223407,156.684706578115
img_01478.jpg,135.273679222759,232.242232181453,396.515926320666,283.161434218486
img_01480.jpg,423.657977967201,235.527341990294,735.791571902362,155.042151673695
img_01480.jpg,800.253944562884,171.467700717899,1058.10343520497,271.663549887543
img_01480.jpg,140.362813906485,122.191053585287,254.020155176353,187.893249762103
img_01482.jpg,411.783330371842,481.910577653353,569.546505567331,501.621236506398
img_01485.jpg,401.605061004391,388.284948101391,418.568843283476,522.974450263863
img_01489.jpg,238.752751125177,435.243882266116,323.571662520601,551.597994076881
img_01506.jpg,863.019938995498,411.280716763276,1134.44045546086,350.506185299722
img_01507.jpg,354.106470622954,155.042151673695,564.457370883605,353.791295108563
img_01509.jpg,238.752751125177,271.699275931202,211.610699478641,438.410602982771
img_01514.jpg,555.702948898918,543.224017768627,622.048712555242,515.71407874355
img_01520.jpg,257.41291163217,411.288623952135,398.212304548574,359.955927565033
img_01529.jpg,983.79109058615,350.654444593087,1026.44193865093,416.372632264105
img_01529.jpg,710.509730763673,81.6683741256671,653.641933343967,81.6683741256671
img_01529.jpg,614.15040735806,90.8383538006927,623.628373594678,61.8000848297781
img_01540.jpg,1092.03099976314,743.240060588728,815.521348614061,674.796465405925
img_01542.jpg,846.056156716413,421.136046189799,678.114712153474,504.906346315239
img_01547.jpg,673.025577469748,112.335724158764,956.320741530465,169.825145813478
img_01554.jpg,820.610483297786,187.893249762103,505.084132906808,204.318798806307
img_01554.jpg,145.45194859021,202.676243901886,315.089771381059,309.442312689212
img_01556.jpg,423.657977967201,335.723191159938,764.630001776806,347.221075490881
img_01558.jpg,332.053553660143,204.318798806307,618.741474176677,317.655087211314
img_01558.jpg,993.641062544451,501.621236506398,1012.30122305144,209.246463519568
img_01570.jpg,944.446093935105,329.152971542257,1137.83321191667,248.667781225657
img_01574.jpg,116.557179935632,595.187235927106,137.092773448303,252.84132805948
img_01574.jpg,186.062265670828,173.368170875924,214.496164380681,301.747886326284
img_01578.jpg,223.485347074,455.629699182627,343.928201255503,444.131814851684
img_01580.jpg,893.554747097851,384.99983829255,905.42939469321,302.87209307153
img_01584.jpg,401.605061004391,202.676243901886,737.487950130271,171.467700717899
img_01590.jpg,410.37413327078,119.876622771607,478.29955796654,260.482977788668
img_01599.jpg,863.019938995498,376.787063770448,857.930804311773,301.22953816711
img_01601.jpg,781.593784055891,158.047321775765,949.535228618831,84.4704569542527
img_01603.jpg,776.504649372166,154.625142016625,947.838850390922,87.8926367133928
img_01604.jpg,606.866826581317,506.548901219659,591.599422530141,373.501953961607
img_01607.jpg,754.451732409355,355.433850012983,1042.8360311538,353.791295108563
img_01607.jpg,734.095193674454,171.467700717899,1053.01430052125,174.752810526739
img_01607.jpg,211.610699478641,276.591214600804,450.800029613737,424.42115599864
img_01607.jpg,179.37951314838,399.782832432334,423.657977967201,516.404230646182
img_01612.jpg,545.797210376612,388.284948101391,613.652339492951,504.906346315239
img_01612.jpg,145.45194859021,449.059479564946,162.415730869295,657.663952426336
img_01620.jpg,467.763811892822,486.838242366615,615.34871772086,496.693571793137
img_01620.jpg,164.112109097204,493.408461984296,145.45194859021,633.02562886003
img_01636.jpg,544.100832148703,591.96175624952,949.535228618831,518.046785550602
img_01636.jpg,574.635640251056,434.276485425162,920.696798744387,490.123352175455
img_01636.jpg,594.992178985958,289.731653836167,917.30404228857,429.348820711901
img_01636.jpg,255.716533404262,201.033688997466,542.404453920795,186.250694857682
img_01636.jpg,415.176086827659,113.978279063185,710.345898483735,140.259157533911
img_01636.jpg,21.6163379528911,429.348820711901,167.504865553021,421.136046189799
img_01638.jpg,257.41291163217,419.844073349986,26.7054726366165,241.890725874699
img_01638.jpg,243.841885808902,288.09015262309,583.117531390599,197.402389005877
img_01638.jpg,433.836247334652,193.980209246737,691.685737976742,115.270074786514
img_01638.jpg,637.40163468367,96.4480861112431,818.914105069878,48.5375694832813
img_01641.jpg,615.34871772086,411.280716763276,959.713497986282,421.136046189799
img_01641.jpg,262.502046315896,178.03792033558,528.833428097527,143.544267342752
img_01645.jpg,267.591180999621,223.068737199428,525.44067164171,270.97925382739
img_01652.jpg,365.981118218313,320.600860334922,627.223365316219,293.223422261801
img_01654.jpg,289.644097962431,427.70626580748,425.35435619511,417.850936380958
img_01655.jpg,717.131411395369,470.412693322411,762.933623548898,348.863630395301
img_01655.jpg,618.741474176677,501.621236506398,710.345898483735,380.072173579289
img_01660.jpg,484.618202124285,622.697174952183,522.530067070756,668.547073327311
img_01663.jpg,591.599422530141,140.259157533911,898.643881781576,166.540036004637
img_01680.jpg,355.08599689051,190.179800280138,247.669046208843,95.4233436382057
img_01682.jpg,333.749931888052,245.312905633839,554.279101516154,324.023040094062
img_01683.jpg,469.686180331912,501.866673771289,589.752356314254,657.475334848612
img_01686.jpg,803.646701018701,636.310738668871,715.43503316746,473.697803131251
img_01690.jpg,376.159387585764,97.5356794288997,572.939262023148,91.2099012225852
img_01693.jpg,301.518745557791,470.412693322411,435.532625562561,467.12758351357
img_01699.jpg,650.972660506938,476.982912940092,757.844488865172,373.501953961607
img_01713.jpg,835.877887348962,384.99983829255,827.39599620942,297.944428358269
img_01722.jpg,499.994998223083,403.067942241174,596.688557213866,475.340358035672
img_01728.jpg,757.844488865172,440.846705042844,808.735835702427,605.102195484883
img_01729.jpg,673.025577469748,550.89788363901,791.772053423342,432.633930520742
img_01729.jpg,815.521348614061,398.140277527913,863.019938995498,314.369977402473
img_01733.jpg,462.674677209096,478.625467844513,547.49358860452,366.931734343926
img_01734.jpg,362.588361762496,322.311950214492,618.741474176677,293.223422261801
img_01735.jpg,895.251125325759,317.655087211314,1117.47667318177,224.029457659351
img_01738.jpg,618.741474176677,286.37906274352,863.019938995498,99.8702658703833
img_01741.jpg,247.234642264719,380.489006119874,416.872465055567,341.133938889763
img_01744.jpg,562.695189895698,475.658899274056,640.484543349046,672.217208003306
img_01753.jpg,749.36259772563,314.369977402473,902.036638237393,327.510416637836
img_01756.jpg,348.767352732765,190.179800280138,247.669046208843,95.4233436382057
img_01763.jpg,164.112109097204,346.267208528473,257.41291163217,479.732219134938
img_01768.jpg,810.432213930335,266.735885174282,1086.94186507942,329.152971542257
img_01772.jpg,501.691376450991,406.353052050015,622.134230632494,485.195687462194
img_01778.jpg,667.936442786023,317.655087211314,995.33744077236,286.446544027326
img_01778.jpg,555.975479744063,107.408059445503,857.930804311773,166.540036004637
img_01778.jpg,206.521564794916,212.531573328409,462.674677209096,250.310336130078
img_01778.jpg,87.7750888413219,171.467700717899,243.841885808902,178.03792033558
img_01786.jpg,601.589866622372,320.050238196733,515.345148663225,306.946350948116
img_01788.jpg,479.638459488181,122.838792254157,537.31531923707,213.508279877998
img_01790.jpg,550.886345060337,187.893249762103,878.287343046675,161.612371291376
img_01790.jpg,320.178906064784,156.684706578115,606.866826581317,127.118718298548
img_01790.jpg,106.435249348315,458.914808991468,276.073072139163,311.084867593632
img_01796.jpg,527.137049869619,109.050614349924,830.788752665237,156.684706578115
img_01796.jpg,233.663616441451,238.812451799135,489.816728855632,179.680475240001
img_01797.jpg,645.883525823212,209.246463519568,939.35695925138,288.089098931747
img_01800.jpg,847.752534944322,365.289179439505,1115.78029495386,350.506185299722
img_01800.jpg,488.120350627724,309.442312689212,832.485130893146,274.948659696384
img_01800.jpg,533.922562781253,136.97404772507,817.217726841969,224.029457659351
img_01800.jpg,664.543686330206,113.978279063185,971.588145581641,179.680475240001
img_01800.jpg,326.964418976418,163.254926195797,523.744293413802,100.837839827822
img_01804.jpg,320.178906064784,215.816683137249,613.652339492951,319.297642115734
img_01804.jpg,998.730197228177,490.123352175455,998.730197228177,207.603908615147
img_01805.jpg,773.111892916349,411.280716763276,1032.65776178635,434.276485425162
img_01806.jpg,401.605061004391,205.961353710727,737.487950130271,171.467700717899
img_01809.jpg,393.123169864849,381.714728483709,418.568843283476,516.404230646182
img_01810.jpg,371.070252902038,313.756500816642,620.437852404585,294.934512141371
img_01816.jpg,644.16396710735,144.329901905009,629.947017752423,242.143018438617
img_01816.jpg,615.730068397497,125.989942554958,612.570746318624,222.274729142728
img_01816.jpg,590.455491766516,144.329901905009,573.079220332717,228.388048926078
img_01816.jpg,691.553798290438,77.0833842881542,639.424983989041,86.2533639631799
img_01819.jpg,276.073072139163,159.969816386956,555.975479744063,104.122949636662
img_01822.jpg,669.632821013931,486.838242366615,712.042276711643,368.574289248346
img_01823.jpg,616.80952273281,528.074448268523,601.589866622372,703.338940218771
img_01826.jpg,792.681104453424,339.706069069658,689.525657482679,433.071265716052
img_01830.jpg,610.259583037134,508.19145612408,591.599422530141,371.859399057187
img_01833.jpg,847.752534944322,384.99983829255,684.900225065108,449.059479564946
img_01838.jpg,1220.95574508419,707.307173117757,788.379296967525,714.151532636037
img_01841.jpg,963.106254442099,293.016763645008,1148.01148128412,197.748579188625
img_01846.jpg,106.435249348315,363.378107324173,238.752751125177,459.199140580097
img_01855.jpg,408.390573916025,455.629699182627,552.582723288246,496.693571793137
img_01858.jpg,356.665657929946,193.236460171813,244.50972412997,90.8383538006927
img_01865.jpg,362.588361762496,320.600860334922,634.008878227853,294.934512141371
img_01869.jpg,500.414812518648,581.432258952019,585.716508648207,667.018735918925
img_01875.jpg,408.390573916025,201.033680977178,734.095193674454,173.110247602031
img_01878.jpg,260.805668087987,445.774361735817,396.515926320666,475.340350015384
img_01883.jpg,162.415730869295,475.340350015384,121.702653399492,651.093724788367
img_01883.jpg,499.994998223083,511.476557912633,369.37387467413,434.276477404874
img_01884.jpg,640.794391139487,476.982904919805,756.148110637264,373.50194594132
img_01890.jpg,740.257844517471,143.14775234243,689.525657482679,288.92849798329
img_01896.jpg,727.30968076282,601.817077655755,686.596603293016,432.633922500454
img_01896.jpg,846.056156716413,396.497714603205,903.733016465302,314.369969382185
img_01897.jpg,805.34307924661,564.038314854086,824.003239753603,398.140269507626
img_01901.jpg,618.741474176677,608.387297273436,769.719136460532,462.199910780021
img_01902.jpg,667.936442786023,496.693563772849,708.649520255826,368.574281228059
img_01909.jpg,250.627398720536,235.527333970006,489.816728855632,181.323022124133
img_01909.jpg,516.958780502168,104.122941616375,844.359778488505,158.327253462248
img_01910.jpg,891.858368869942,314.369969382185,1117.47667318177,222.386894734643
img_01911.jpg,196.343295427465,395.888806681074,349.017335939228,428.399514392905
img_01914.jpg,343.928201255503,463.842465684441,483.031215943998,427.706257787193
img_01917.jpg,681.507468609291,559.110650140824,696.774872660467,424.421147978352
img_01917.jpg,706.953142027918,391.570049889944,803.646701018701,309.442304668924
img_01919.jpg,667.936442786023,549.255320714302,800.253944562884,426.063702882772
img_01919.jpg,769.719136460532,378.429610654581,886.769234186217,322.582743904287
img_01921.jpg,781.593784055891,380.072165559001,902.036638237393,312.727414477765
img_01926.jpg,1053.01430052125,580.686513674641,812.128592158244,748.373321872507
img_01928.jpg,569.546505567331,427.706257787193,425.35435619511,437.561587213715
img_01928.jpg,148.844705046027,495.051008868429,143.755570362302,633.025620839742
img_01928.jpg,136.970057450668,470.412685302123,243.841885808902,422.778593073932
img_01929.jpg,520.95040603132,556.978979818617,610.991085279188,529.46904079354
img_01931.jpg,1005.51571013981,450.643682827316,900.340260009485,531.064907167109
img_01934.jpg,388.034035181123,504.906346315239,769.719136460532,511.476565932921
img_01934.jpg,520.351536957985,347.221075490881,825.699617981512,508.19145612408
img_01934.jpg,579.724774934782,233.884787085874,857.930804311773,458.914808991468
img_01934.jpg,656.061795190663,118.905943776446,905.42939469321,171.467700717899
img_01934.jpg,255.716533404262,187.893249762103,550.886345060337,181.323030144421
img_01934.jpg,70.8113065622371,143.544267342752,104.738871120407,335.723191159938
img_01934.jpg,21.6163379528911,422.778601094219,162.415730869295,414.565826572117
img_01936.jpg,559.36823619988,718.438483889891,723.916924307003,572.251097396475
img_01936.jpg,564.457370883605,651.093732808654,669.632821013931,495.051016888717
img_01936.jpg,549.189966832429,582.106426822998,645.883525823212,452.344589373786
img_01936.jpg,769.719136460532,557.468103256692,824.003239753603,424.42115599864
img_01941.jpg,578.028396706873,146.033312343977,800.253944562884,232.485614496941
img_01948.jpg,815.521348614061,406.353052050015,1076.76359571197,496.693571793137
img_01948.jpg,338.839066571777,288.089098931747,455.889164297462,212.531573328409
img_01949.jpg,661.150929874389,481.910577653353,773.111892916349,358.718959821824
img_01950.jpg,1008.90846659563,499.978681601978,1000.42657545609,212.531573328409
img_01950.jpg,293.036854418248,219.10179294609,615.34871772086,312.727422498053
img_01954.jpg,625.526987088311,555.825548352271,662.847308102297,424.42115599864
img_01954.jpg,808.735835702427,380.072173579289,874.894586590858,297.944428358269
img_01954.jpg,908.822151149027,381.714728483709,895.251125325759,302.87209307153
img_01975.jpg,1076.76359571197,642.285757694094,683.203846837199,671.374285646785
img_01980.jpg,818.914105069878,375.144508866028,842.663400260596,302.87209307153
img_01980.jpg,576.332018478965,573.893652300896,812.128592158244,432.633930520742
img_01985.jpg,675.997074273401,197.201295240951,681.07029297688,352.809956318274
img_01990.jpg,455.889164297462,260.712714549969,311.697014925242,217.935467560718
img_01992.jpg,379.552144041581,288.09015262309,559.36823619988,151.202962257485
img_02002.jpg,645.883525823212,444.131814851684,749.36259772563,345.578520586461
img_02005.jpg,968.195389125824,632.019218416674,963.106254442099,522.509466124189
img_02008.jpg,320.178906064784,463.842473704729,462.674677209096,440.846705042844
img_02012.jpg,896.909733417155,301.747886326284,1007.48600617769,324.672835513848
img_02018.jpg,462.674677209096,105.970050370652,640.794391139487,194.530945259054
img_02019.jpg,359.195605306679,113.558984906944,613.652339492951,274.40143358653
img_02025.jpg,316.786149608967,460.557363895888,462.674677209096,440.846705042844
img_02030.jpg,1119.17305140968,659.396656489795,919.000420516478,578.975432150002
img_02032.jpg,583.117531390599,560.753213065532,642.490769367396,449.059479564946
img_02032.jpg,667.936442786023,421.136046189799,734.095193674454,334.080636255518
img_02032.jpg,818.914105069878,384.99983829255,908.822151149027,302.87209307153
img_02034.jpg,650.630980756005,254.530801953649,599.898793721212,418.329392561358
img_02034.jpg,496.743346750468,197.201295240951,500.125492552787,244.702886517187
img_02035.jpg,450.800029613737,467.12758351357,559.36823619988,381.714728483709
img_02036.jpg,257.41291163217,445.774369756105,393.123169864849,473.697803131251
img_02039.jpg,896.947503553668,388.284948101391,905.42939469321,302.87209307153
img_02039.jpg,620.437852404585,591.96175624952,645.883525823212,534.472334594806
img_02039.jpg,793.46843165125,317.655087211314,830.788752665237,286.446544027326
img_02046.jpg,365.981118218313,475.340358035672,505.084132906808,437.561595234003
img_02047.jpg,532.226184553344,235.527341990294,820.610483297786,258.52311065218
img_02052.jpg,326.964418976418,437.561595234003,467.763811892822,442.489259947264
img_02058.jpg,235.031757893353,275.766277247044,263.465656603206,89.3100238548552
img_02063.jpg,252.323776948445,358.244837685463,469.46019012073,406.155354313425
img_02068.jpg,985.159171404909,447.221511423107,908.822151149027,546.46472443817
img_02069.jpg,349.017335939228,296.645602020941,379.552144041581,447.221511423107
img_02072.jpg,688.292981520925,637.953293573291,768.022758232623,478.625467844513
img_02072.jpg,863.019938995498,403.067942241174,790.075675195433,332.438081351097
img_02086.jpg,1122.5658078655,236.134192826867,812.128592158244,229.465739744804
img_02090.jpg,627.223365316219,605.102195484883,769.719136460532,463.842473704729
img_02106.jpg,808.735835702427,380.072173579289,634.008878227853,453.987144278207
img_02107.jpg,784.986540511708,376.787063770448,652.669038734846,481.910577653353
img_02108.jpg,440.621760246286,337.711759130622,679.811090381382,380.489006119874
img_02109.jpg,243.841885808902,373.644646601594,460.978298981188,370.222466842454
img_02112.jpg,230.292774775044,266.596297572018,258.726673484897,75.5550543423167
img_02118.jpg,522.047915185893,371.859399057187,494.905863539358,513.119120837341
img_02120.jpg,993.641062544451,545.970218925749,900.340260009485,692.157605419164
img_02120.jpg,664.543686330206,140.259157533911,857.930804311773,135.33149282065
img_02133.jpg,315.089771381059,455.629699182627,455.889164297462,445.774369756105
img_02134.jpg,544.100832148703,445.774369756105,438.925382018378,394.855167719072
img_02134.jpg,147.148326818119,496.693571793137,145.45194859021,636.310738668871
img_02134.jpg,152.237461501844,458.914808991468,235.35999466936,417.850936380958
img_02140.jpg,708.649520255826,522.974450263863,805.34307924661,412.923271667697
img_02148.jpg,315.089771381059,240.455006703555,591.599422530141,123.833608489707
img_02148.jpg,656.061795190663,130.403828107389,993.641062544451,151.757041864854
img_02148.jpg,1102.20926913059,365.289179439505,1200.59920634929,161.612371291376
img_02148.jpg,194.646917199556,107.408059445503,347.32095771132,181.323030144421
img_02151.jpg,765.623938034868,156.251647589024,697.981021988478,275.824618732652
img_02163.jpg,484.727594171907,462.621320339237,634.008878227853,517.376196485479
img_02170.jpg,896.947503553668,197.748579188625,1129.35132077713,235.527341990294
img_02170.jpg,1131.04769900504,327.510416637836,1231.13401445164,322.582751924575
img_02171.jpg,552.582723288246,214.174128232829,864.716317223407,227.314567468192
img_02174.jpg,694.598876186158,166.079563025487,679.37922007572,349.53398450612
img_02178.jpg,315.089771381059,281.24579310481,240.449129353085,401.022084674715
img_02182.jpg,762.933623548898,440.846705042844,815.521348614061,603.459640580463
img_02184.jpg,544.100832148703,222.386902754931,868.109073679224,227.314567468192
img_02185.jpg,847.752534944322,365.289179439505,695.078494432559,444.131814851684
img_02189.jpg,325.268040748509,209.246463519568,613.652339492951,312.727422498053
img_02189.jpg,1003.8193319119,499.978681601978,1020.78311419099,207.603908615147
img_02190.jpg,574.532700203816,605.059785854146,657.395272360644,695.149010688385
img_02192.jpg,542.402315081781,383.931688533739,665.850636866443,334.792111351427
img_02197.jpg,411.783330371842,242.097561607976,737.487950130271,163.254926195797
img_02197.jpg,142.059192134393,99.1952849234011,250.627398720536,191.178359570943
img_02201.jpg,796.861188107067,209.246463519568,1054.71067874916,306.157202880371
img_02201.jpg,637.40163468367,117.263388872025,864.716317223407,156.684706578115
img_02201.jpg,162.415730869295,238.812451799135,374.463009357855,271.663549887543
img_02203.jpg,640.794391139487,439.204150138423,754.451732409355,353.791295108563
img_02205.jpg,956.320741530465,611.486139861833,1053.01430052125,529.35382564247
img_02208.jpg,800.253944562884,365.289179439505,773.111892916349,284.803989122906
img_02227.jpg,964.835158112915,304.804546217959,1037.49956592698,373.579393780652
img_02227.jpg,622.048712555242,49.5734452630772,607.831763200315,100.008333475718
img_02227.jpg,636.265661910168,66.385074667291,648.902950225659,109.178313150744
img_02229.jpg,355.08599689051,199.349779955163,252.408029327152,95.4233436382057
img_02250.jpg,408.390573916025,89.1013084871471,547.49358860452,183.987981581864
img_02253.jpg,616.80952273281,285.652534169114,515.345148663225,311.860308666347
img_02254.jpg,316.786149608967,452.344589373786,457.585542525371,445.774369756105
img_04666.jpg,268.4,438.9,384.2,455.5
img_04683.jpg,631.3,495.4,696,389.1
img_04692.jpg,304.2,350.9,595.5,390.7
img_04692.jpg,220.7,284.4,478,252.9
img_04692.jpg,305.9,168.2,575.1,163.2
img_04706.jpg,753.3,303.5,826.4,349.9
img_04708.jpg,692.6,629.9,771,478.8
img_04713.jpg,188.3,440.6,295.6,433.9
img_04714.jpg,1016.4,259.5,1183.3,296.1
img_04721.jpg,655.2,475.4,759.1,379.1
img_04728.jpg,549.5,218,871.5,266.2
img_04729.jpg,483.1,508.7,350.2,463.8
img_04729.jpg,152.5,498.7,118.4,654.8
img_04736.jpg,391.1,480.4,515.4,447.2
img_04737.jpg,902.2,317.6,1105,226.3
img_04742.jpg,307.1,136.4,386.4,184.4
img_04755.jpg,559.7,373.1,537.6,532.1
img_04762.jpg,800,213,1035.1,307.7
img_04762.jpg,592.1,121.7,847.7,156.5
img_04762.jpg,150.8,234.6,372.3,274.5
img_04771.jpg,247.9,647.5,167.9,505.6
img_04774.jpg,554.6,653.2,644.9,495.4
img_04778.jpg,355.3,470.5,602.3,623.3
img_04778.jpg,372.3,143.2,643.2,121.7
img_04780.jpg,368.9,472.1,479.7,422.3
img_04783.jpg,1035.1,592.1,721.6,747.8
img_04786.jpg,529.1,479.1,410.2,455.9
img_04792.jpg,224.6,257,253.2,80.8
img_04796.jpg,989.1,261.2,1186.7,311
img_04796.jpg,329.7,158.2,551.2,128.3
img_04796.jpg,317.8,261.2,573.4,264.5
img_04798.jpg,1076,647.5,885.2,614.6
img_04806.jpg,791.5,145.7,936.3,97.3
img_04808.jpg,866.4,399,874.9,335.9
img_04821.jpg,449,249.5,740.3,259.5
img_04821.jpg,638.1,540.2,946.5,485.4
img_04822.jpg,822.1,380.8,897.1,321
img_04822.jpg,675.6,402.4,728.4,339.2
img_04822.jpg,583.6,553.5,658.6,433.9
img_04823.jpg,409.8,463.8,539.3,497
img_04537.jpg,622.8,26.3,556.3,192.4
img_04542.jpg,263.3,427.8,350.2,367.2
img_04543.jpg,897.1,377.4,903.9,309.3
img_04543.jpg,581.9,573.4,650,453.8
img_04545.jpg,184.9,184.4,218.3,303.4
img_04545.jpg,118.3,589.3,137.3,260.1
img_04547.jpg,789.8,145.7,934.6,100.7
img_04552.jpg,793.2,144,934.6,97.3
img_04561.jpg,994.2,257.9,1183.3,311
img_04561.jpg,326.3,266.2,580.2,264.5
img_04561.jpg,343.4,144.9,549.5,120
img_04567.jpg,391.1,412.3,478,488.7
img_04570.jpg,498.4,384.1,522.3,492
img_04572.jpg,638.1,214.7,941.4,291.1
img_04574.jpg,438.8,377.6,696,318.7
img_04578.jpg,818.7,450.5,1055.6,445.5
img_04579.jpg,399.6,344.7,656.9,370.7
img_04583.jpg,614.3,423.9,491.6,433.9
img_04583.jpg,155.9,503.7,132.1,661.5
img_04588.jpg,786.3,150.9,941.4,99
img_04589.jpg,854.5,366.7,781.5,309.5
img_04598.jpg,328,437.2,450.7,452.2
img_04609.jpg,646.3,263.8,600.5,409.5
img_04612.jpg,861.3,374.1,842.6,306
img_04630.jpg,427.7,119.4,514.9,215.3
img_04633.jpg,1014.7,488.7,1004.4,214.7
img_04633.jpg,275.2,249.5,597.2,312.7
img_04635.jpg,696,621.6,765.9,483.7
img_04659.jpg,975.5,262.8,1152.7,281.1
img_04660.jpg,476.3,517,614.3,502
img_05420.jpg,602.3,510.4,779.5,665.5
img_05446.jpg,328,879,762.5,834.1
img_05446.jpg,92.9,829.6,392.8,838.6
img_05462.jpg,466,467.1,307.6,438.9
img_05485.jpg,433.7,473.8,610.9,440.6
img_05521.jpg,249.6,355.1,552.9,382.8
img_05557.jpg,708,355.8,781.2,291.1
img_05571.jpg,445.6,431.8,656.9,519.4
img_05635.jpg,379.1,497,558,440.6
img_05782.jpg,380.8,450.5,554.6,455.5
img_05894.jpg,249.6,330.9,522.3,398.3
img_05923.jpg,333.1,437.2,496.7,475.4
img_05934.jpg,784.6,299.4,709.7,447.2
img_05971.jpg,593.8,440.6,413.2,488.7
img_06012.jpg,222.4,400.1,489.9,415.6
img_06204.jpg,759.1,272.8,748.9,432.3
img_06209.jpg,358.7,442.2,515.4,453.8
img_06244.jpg,319.5,440.6,479.7,463.8
img_06284.jpg,217.3,374.1,539.3,436.4
img_06297.jpg,414.9,487.1,598.9,435.6
img_06299.jpg,462.6,573.4,658.6,708.2
img_06334.jpg,452.4,411.5,542.7,501.4
img_06442.jpg,316.1,445.5,483.1,468.8
img_06579.jpg,401.3,492,566.6,445.5
img_06644.jpg,377.4,443.9,537.6,457.2
img_06671.jpg,406.4,460.5,587,457.2
img_06768.jpg,408.1,493.7,583.6,452.2
img_06773.jpg,554.6,490.2,752.3,616.1
img_06952.jpg,357,443.9,517.1,455.5
img_06125.jpg,791.5,144,941.4,97.3
img_07449.jpg,616.5,128.7,613.3,206
img_07449.jpg,645,153.4,632.4,226.1
img_07449.jpg,587.9,148.8,576.8,213.7
img_06997.jpg,602.3,508.7,570,362.5
img_07007.jpg,399.6,334.3,696,470.5
img_07007.jpg,537.6,224.6,822.1,189.8
img_07007.jpg,140.6,518.6,249.6,374.1
img_07015.jpg,324.6,200.2,311,526.2
img_07059.jpg,280.1,298.7,184.9,457.9
img_07164.jpg,847.6,526.4,993.1,303.8
img_07311.jpg,621.1,244.6,895.4,158.2
img_07311.jpg,316.1,199.7,592.1,282.8
img_07321.jpg,404.7,443,607.4,589.1
img_07378.jpg,324.6,321.6,324.6,670
img_07410.jpg,605.7,508.7,573.4,365.8
img_07440.jpg,1016.4,183.1,1232.7,244.6
img_07518.jpg,958.4,231.7,564.9,276.7
img_07519.jpg,713.1,113.4,944.8,191.4
img_07545.jpg,832.4,502.2,455.8,749.6
img_06118.jpg,583.6,359.2,595.5,452.2
img_06124.jpg,602.3,362.5,571.7,477.1
img_06163.jpg,253.1,263.4,631.3,299.7
img_06220.jpg,467.7,759.9,152.5,611.6
img_06303.jpg,428.5,681.3,811.9,703.7
img_06385.jpg,467.7,265.1,878.4,310.1
img_06410.jpg,426.8,676.8,934.6,701.5
img_06444.jpg,483.1,261.7,881.8,318.7
img_06448.jpg,571.7,360.8,602.3,470.5
img_06467.jpg,600.6,370.8,573.4,483.7
img_06474.jpg,489.9,452.2,607.4,500.4
img_06493.jpg,178.1,588.4,142.3,485.4
img_06493.jpg,179.8,565.1,217.3,453.8
img_06523.jpg,181.5,588.4,142.3,482.1
img_06523.jpg,183.2,565.1,215.6,455.5
img_06537.jpg,593.8,360.8,585.3,477.1
img_06590.jpg,443.9,256.5,880.1,327.4
img_06595.jpg,174.7,585.1,144,485.4
img_06677.jpg,610.9,377.4,556.3,477.1
img_06686.jpg,610.9,372.5,605.7,487.1
img_06786.jpg,425.1,674.5,929.5,710.5
img_06821.jpg,598.9,370.8,568.3,482.1
img_06847.jpg,466,759.9,133.8,595.8
img_06881.jpg,421.7,679,844.3,703.7
img_06903.jpg,183.2,590,144,483.7
img_06903.jpg,181.5,561.8,212.2,457.2
img_06913.jpg,506.9,374.1,549.5,468.8
img_06956.jpg,486.5,448.9,609.1,498.7
img_07003.jpg,420,676.8,931.2,732.9
img_07022.jpg,421.7,674.5,949.9,726.2
img_07056.jpg,454.1,753.2,63.9,582.4
img_07080.jpg,488.2,453.8,614.3,500.4
img_06087.jpg,368.9,473.8,552.9,460.5
img_06093.jpg,464.3,521.9,397.9,367.5
img_06105.jpg,459.2,374.1,527.4,497
img_06111.jpg,587,598.3,648.3,443.9
img_06133.jpg,776.1,515.3,823.8,284.4
img_06136.jpg,708,219.7,1089.6,279.4
img_06149.jpg,585.3,610,648.3,440.6
img_06155.jpg,437.1,442.2,520.6,455.5
img_06199.jpg,949.9,178.1,726.7,228
img_06239.jpg,764.2,428.9,811.9,354.2
img_06363.jpg,464.3,521.9,397.9,365.8
img_06382.jpg,336.5,432.3,641.5,440.6
img_06419.jpg,413.2,435.6,503.5,457.2
img_06463.jpg,587,590,650,440.6
img_06578.jpg,287.1,437.2,627.9,442.2
img_06584.jpg,730.1,354.2,1186.7,495.4
img_06651.jpg,401.3,521.9,600.6,452.2
img_06699.jpg,430.2,521.9,604,452.2
img_06700.jpg,951.6,176.5,714.8,228
img_06706.jpg,525.7,234.6,796.6,249.5
img_06708.jpg,735.2,279.4,951.6,319.3
img_06719.jpg,416.6,515.3,604,452.2
img_06740.jpg,730.1,219.7,1082.8,281.1
img_06766.jpg,774.4,498.7,823.8,277.8
img_06785.jpg,771,517,825.5,286.1
img_06818.jpg,357,442.2,437.1,432.3
img_06863.jpg,777.8,513.6,825.5,282.8
img_06877.jpg,822.1,284.4,771,518.6
img_06878.jpg,651.7,135.3,939.7,92.1
img_06984.jpg,549.5,360.8,583.6,517
img_07019.jpg,396.2,437.2,483.1,442.2
img_07042.jpg,438.8,500.4,585.3,508.7
img_07073.jpg,445.6,518.6,604,450.5
img_07806.jpg,769.3,364.2,1181.6,498.7
img_07839.jpg,825.5,649.8,859.6,753.2
img_07840.jpg,541,226.3,970.4,309.3
img_07864.jpg,314.4,433.9,643.2,442.2
img_07916.jpg,539.3,213,956.7,302.7
img_07922.jpg,362.1,473.8,563.1,462.1
img_07923.jpg,772.7,518.6,825.5,281.1
img_00033.jpg,484.8,453.8,612.6,500.4
img_00560.jpg,483.1,450.5,612.6,500.4
img_00600.jpg,610.9,384.1,558,465.5
img_00685.jpg,394.5,676.8,815.3,712.7
img_00703.jpg,602.3,362.5,578.5,485.4
img_02785.jpg,683.7,237.3,634.4,321.7
img_02787.jpg,428.5,455.5,588.7,483.7
img_02806.jpg,403,72.7,539.3,209.2
img_02809.jpg,546.1,384.6,639.8,640.8
img_02845.jpg,481.4,346.3,609.1,530.7
img_02846.jpg,597.2,164.8,958.4,247.9
img_02853.jpg,31.6,401.8,394.5,403.5
img_02858.jpg,389.4,450.5,602.3,482.1
img_02863.jpg,781.2,463.8,1009.5,389.1
img_02884.jpg,576.8,535.2,910.7,681.3
img_02897.jpg,23,379.3,270.1,348.2
img_02905.jpg,319.5,470.5,476.3,389.1
img_02917.jpg,-43.4,386.2,212.2,413.9
img_02918.jpg,955,244.6,595.5,169.8
img_03065.jpg,501.8,477.1,375.7,442.2
img_03081.jpg,975.5,457.2,610.9,232.9
img_03086.jpg,464.3,388,103.1,382.8
img_03094.jpg,570,206.3,109.9,240.9
img_03096.jpg,535.9,468.8,358.7,477.1
img_03136.jpg,406.4,100.5,547.8,68.5
img_03157.jpg,886.9,596.7,885.2,427.3
img_03160.jpg,166.2,481.4,500.1,330.9
img_03183.jpg,242.8,468.8,363.8,468.8
img_03185.jpg,600.6,499.2,834.1,706
img_03189.jpg,655.2,443,863,613.8
img_03196.jpg,583.6,514.9,868.1,649.8
img_03198.jpg,740.3,479,852.8,708.2
img_03211.jpg,892,601.7,886.9,423.9
img_03217.jpg,762.5,468.8,878.4,345.9
img_03242.jpg,639.8,494.7,903.9,667.8
img_03244.jpg,370.6,478.8,520.6,505.3
img_03253.jpg,370.6,440.6,498.4,473.8
img_03266.jpg,367.2,134.9,754,138.3
img_03276.jpg,641.5,454.2,846,627.3
img_03278.jpg,774.4,472.1,892,340.9
img_03301.jpg,546.1,404.8,639.8,647.5
img_03313.jpg,457.5,126.6,752.3,141.6
img_03325.jpg,793.2,470.5,958.4,374.1
img_03327.jpg,253.1,440.6,396.2,457.2
img_03340.jpg,677.3,481.2,905.6,611.6
img_03367.jpg,370.6,477.1,541,470.5
img_03372.jpg,443.9,173.3,295.6,479
img_03388.jpg,77.6,443.3,326.3,422.6
img_03396.jpg,604,164.8,953.3,234.6
img_03400.jpg,454.1,515.3,459.2,359.2
img_03407.jpg,219,458.8,360.4,409
img_03430.jpg,319.5,438.9,495,437.2
img_03437.jpg,379.1,409,571.7,382.4
img_03460.jpg,205.3,178.6,629.6,263.4
img_03464.jpg,547.8,384.6,648.3,631.8
img_03477.jpg,713.1,400.7,794.9,314.3
img_03480.jpg,270.1,472.1,385.9,437.2
img_03485.jpg,52,349.9,387.7,446.8
img_03505.jpg,19.6,393.1,329.7,434.7
img_03514.jpg,31.6,270.3,261.6,367.2
img_03540.jpg,605.7,166.5,958.4,237.9
img_03541.jpg,377.4,391.3,571.7,519.4
img_03543.jpg,377.4,425.6,578.5,475.4
img_03558.jpg,455.8,472.1,593.8,490.4
img_03560.jpg,590.4,244.6,984,427.3
img_03567.jpg,517.1,777.9,101.4,708.2
img_03568.jpg,370.6,473.8,563.1,472.1
img_03585.jpg,62.2,372.4,403,415.6
img_03590.jpg,244.5,433.9,425.1,457.2
img_03596.jpg,602.3,496.9,844.3,708.2
img_03604.jpg,358.7,134.9,760.8,144.9
img_03607.jpg,392.8,136.7,568.3,207.1
img_03622.jpg,115,375.8,493.3,431.2
img_03649.jpg,375.7,407.3,556.3,399
img_03651.jpg,266.7,467.1,387.7,437.2
img_03654.jpg,247.9,442.2,403,458.8
img_03657.jpg,885.2,619.9,888.6,420.6
img_03668.jpg,150.8,439.9,387.7,367.2
img_03675.jpg,719.9,757.7,244.5,766.7
img_03710.jpg,610.9,171.5,949.9,239.6
img_03721.jpg,886.9,611.6,890.3,423.9
img_03753.jpg,375.7,480.4,513.7,503.7
img_03755.jpg,452.4,472.1,600.6,493.7
img_03756.jpg,127,457.2,346.8,374.1
img_03779.jpg,411.5,428.9,597.2,374.1
img_03782.jpg,70.7,429.5,339.9,405.3
img_03787.jpg,699.5,207,367.2,366.6
img_03819.jpg,892,619.9,886.9,427.3
img_03824.jpg,1147.6,663.1,460.9,708.1
img_03856.jpg,886.9,601.7,888.6,425.6
img_03898.jpg,610.9,490.2,861.3,712.7
img_03911.jpg,854.5,780.1,314.4,791.4
img_03921.jpg,786.3,134.9,1093,269.5
img_03938.jpg,169.6,426,416.6,445.1
img_03939.jpg,394.5,453.8,600.6,482.1
img_03947.jpg,137.2,429.5,457.5,484.9
img_03948.jpg,638.1,240.7,360.4,162
img_03950.jpg,445.6,141,629.6,211.3
img_03963.jpg,449,517,459.2,359.2
img_03968.jpg,450.7,389.1,544.4,604.8
img_03999.jpg,886.9,624.9,885.2,425.6
img_04021.jpg,403,143.2,752.3,139.9
img_04021.jpg,113.3,404,348.5,370.8
img_04041.jpg,425.1,323.9,951.6,379.3
img_04046.jpg,367.2,457.2,529.1,450.5
img_04049.jpg,885.2,611.6,886.9,425.6
img_04077.jpg,525.7,470,752.3,622.8
img_04082.jpg,106.5,413.9,360.4,415.6
img_04083.jpg,636.4,476.7,910.7,593.6
img_04087.jpg,265,435.6,452.4,455.5
img_04096.jpg,491.6,346.3,534.2,523.9
img_04097.jpg,898.4,63.4,830.5,174.8
img_04113.jpg,886.9,618.3,886.9,428.9
img_04120.jpg,788.1,314.3,1125.4,264.5
img_04148.jpg,244.5,442.2,408.1,458.8
img_04159.jpg,394.5,512,491.6,374.1
img_04208.jpg,529.1,512.7,772.7,672.3
img_04217.jpg,46.9,432.9,290.5,415.6
img_04224.jpg,379.1,432.3,578.5,455.5
img_04230.jpg,370.6,482.1,527.4,423.9
img_04236.jpg,542.7,147.5,960.1,315.3
img_04241.jpg,888.6,613.3,888.6,428.9
img_04249.jpg,365.5,480.4,530.8,425.6
img_04255.jpg,474.5,530.7,793.2,674.5
img_04258.jpg,495,429.5,610.9,636.3
img_04267.jpg,735.2,326,1115.2,256.2
img_04273.jpg,322.9,391.3,520.6,445.2
img_04280.jpg,217.3,336.1,413.2,445.1
img_04281.jpg,270.1,467.1,397.9,437.2
img_04292.jpg,728.4,460.5,868.1,345.9
img_04302.jpg,888.6,610,888.6,425.6
img_04316.jpg,546.1,395.8,667.1,618.3
img_04317.jpg,452.4,523.6,455.8,360.8
img_04319.jpg,376.3,437.7,474.8,654.7
img_04331.jpg,409.8,318.7,953.3,377.6
img_04355.jpg,210.5,463.8,362.1,412.3
img_04360.jpg,408.1,458.8,602.3,483.7
img_04364.jpg,45.2,407,374,408.7
img_04367.jpg,593.8,96.2,273.5,128.2
img_04373.jpg,527.4,440.7,748.9,586.8
img_04381.jpg,886.9,618.3,886.9,430.6
img_04392.jpg,892,618.3,888.6,430.6
img_04394.jpg,539.3,395.8,713.1,636.3
img_04413.jpg,392.8,453.8,604,478.8
img_04420.jpg,365.5,473.8,520.6,437.2
img_04429.jpg,471.1,520.3,459.2,357.5
img_04444.jpg,159.3,400.1,399.6,375.8
img_04467.jpg,384.2,448.9,518.8,465.5
img_04469.jpg,365.5,478.8,530.8,425.6
img_04472.jpg,455.8,468.8,597.2,488.7
img_04473.jpg,765.9,473.8,890.3,345.9
img_04488.jpg,19.6,407,362.1,410.5
img_04516.jpg,377.4,414,571.7,382.4
img_04526.jpg,363.8,422.3,580.2,460.5
img_04533.jpg,580.2,247.9,972.1,423.9
img_04551.jpg,394.5,450.5,598.9,483.7
img_04573.jpg,774.4,477.1,917.5,367.5
img_04591.jpg,270.1,329.1,556.3,388
img_04594.jpg,220.7,460.5,374,407.3
img_04626.jpg,135.5,438.1,498.4,507.3
img_04627.jpg,207,408.7,445.6,426
img_04628.jpg,368.9,477.1,551.2,473.8
img_04632.jpg,469.4,323.9,399.6,501.4
img_04646.jpg,892,616.6,886.9,427.3
img_00003.jpg,314.4,377.4,595.5,191.4
img_00003.jpg,384.2,126.6,711.4,136.6
img_00003.jpg,675.6,108.4,982.3,171.5
img_00003.jpg,827.2,339.2,1096.4,448.9
img_00010.jpg,718.2,600,689.2,438.9
img_00010.jpg,846,407.3,910.7,319.3
img_00012.jpg,495,521.7,609.1,697
img_00015.jpg,259.9,363.7,450.7,401.8
img_00019.jpg,171.3,457.2,280.3,419
